"a_id","a_uid","a_magid"
"13","22","189"
"14","22","81"
"33","180","78"
"34","180","144"
"35","186","229"
"36","190","247"
"37","204","211"
"38","197","139"
"39","207","278"
"40","195","121"
"41","223","280"
"42","187","130"
"43","227","182"
"44","229","265"
"45","231","289"
"46","237","82"
"47","239","127"
"48","239","156"
"49","240","284"
"50","241","280"
"51","243","280"
"52","243","43"
"53","244","156"
"54","245","280"
"55","249","131"
"56","249","18"
"57","252","290"
"58","253","258"
"59","253","280"
"61","255","210"
"62","256","280"
"63","263","229"
"64","264","137"
"65","265","280"
"66","265","280"
"67","266","276"
"68","274","292"
"69","277","58"
"70","277","278"
"71","278","78"
"72","279","223"
"73","280","265"
"74","281","76"
"75","281","289"
"76","281","112"
"77","283","280"
"78","285","187"
"79","285","201"
"80","285","7"
"81","285","70"
"82","294","181"
"83","296","280"
"84","297","156"
"85","290","301"
"86","308","60"
"87","309","172"
"88","309","270"
"89","309","184"
"90","309","40"
"91","309","20"
"92","312","66"
"93","314","279"
"94","316","183"
"95","322","287"
"96","323","280"
"97","324","279"
"98","327","280"
"99","329","228"
"100","334","284"
"101","337","119"
"102","344","280"
"103","344","297"
"104","346","54"
"105","346","54"
"106","348","279"
"107","260","280"
"108","350","94"
"109","350","266"
"110","351","280"
"111","352","31"
"112","352","279"
"113","354","202"
"114","354","202"
"115","354","96"
"116","354","31"
"117","355","143"
"118","357","152"
"119","359","133"
"120","360","279"
"121","361","88"
"122","362","47"
"123","364","104"
"124","367","279"
"125","371","279"
"126","374","305"
"127","375","279"
"128","370","303"
"129","376","305"
"130","378","280"
"131","379","54"
"132","380","137"
"133","381","289"
"134","382","279"
"135","385","293"
"136","388","285"
"137","388","285"
"138","388","285"
"139","388","190"
"140","389","140"
"141","389","188"
"142","390","31"
"143","392","122"
"144","394","284"
"145","396","111"
"146","396","279"
"147","397","45"
"148","400","280"
"149","402","15"
"150","409","69"
"151","409","111"
"152","409","96"
"153","412","307"
"154","423","243"
"155","425","287"
"156","426","310"
"157","432","237"
"158","432","31"
"159","432","279"
"160","436","223"
"161","438","280"
"162","437","57"
"163","441","289"
"164","441","289"
"165","441","289"
"166","431","31"
"167","316","291"
"168","316","152"
"169","448","194"
"170","449","106"
"171","449","106"
"172","450","289"
"173","450","276"
"174","451","280"
"175","452","279"
"176","453","184"
"177","454","133"
"178","436","56"
"179","458","19"
"180","459","73"
"181","464","284"
"182","466","275"
"183","467","253"
"184","477","280"
"185","479","82"
"186","480","280"
"187","480","280"
"188","485","280"
"189","487","114"
"190","487","131"
"191","489","108"
"192","490","228"
"193","490","248"
"194","491","293"
"195","499","279"
"196","180","274"
"197","503","156"
"198","503","127"
"199","507","280"
"200","508","284"
"201","509","220"
"202","509","107"
"203","509","266"
"204","509","284"
"205","512","212"
"206","513","280"
"207","514","83"
"208","514","257"
"209","516","280"
"212","518","122"
"213","518","5"
"214","519","228"
"215","520","191"
"216","523","280"
"217","524","279"
"218","528","279"
"219","530","280"
"220","532","293"
"221","535","156"
"222","535","169"
"223","538","31"
"224","541","100"
"225","542","195"
"226","543","299"
"227","545","133"
"228","537","303"
"229","550","122"
"230","550","5"
"231","553","188"
"232","554","280"
"233","556","278"
"234","559","303"
"235","560","45"
"236","564","108"
"237","564","108"
"238","566","280"
"239","567","241"
"240","567","307"
"241","568","5"
"242","568","280"
"243","577","279"
"244","577","279"
"245","578","299"
"246","579","280"
"247","565","98"
"248","581","176"
"249","581","19"
"250","581","165"
"251","585","31"
"252","585","279"
"253","586","271"
"254","588","139"
"255","589","31"
"256","589","279"
"257","598","117"
"258","600","284"
"259","603","299"
"260","605","284"
"261","606","279"
"262","606","279"
"263","611","284"
"264","612","169"
"265","613","218"
"266","555","279"
"267","619","279"
"268","620","18"
"269","620","295"
"270","620","131"
"271","620","11"
"272","621","55"
"273","623","81"
"274","628","314"
"275","632","279"
"276","634","314"
"277","635","314"
"278","636","314"
"279","637","303"
"280","637","299"
"281","508","303"
"282","508","317"
"283","648","284"
"284","651","269"
"285","652","81"
"286","653","225"
"287","653","225"
"288","653","235"
"289","653","235"
"290","653","88"
"291","656","141"
"292","664","122"
"293","664","122"
"294","664","122"
"295","665","142"
"296","667","313"
"297","669","167"
"298","669","162"
"299","674","280"
"300","676","214"
"301","673","12"
"302","673","9"
"303","679","70"
"304","687","246"
"305","688","217"
"306","693","316"
"307","697","314"
"308","702","228"
"309","158","210"
"310","705","40"
"311","704","280"
"312","706","55"
"313","709","82"
"314","710","228"
"315","714","194"
"316","714","198"
"317","717","145"
"318","718","279"
"319","720","290"
"320","722","79"
"321","728","189"
"322","726","122"
"323","730","152"
"324","732","18"
"325","733","18"
"326","735","122"
"327","738","293"
"328","737","76"
"329","740","280"
"330","746","259"
"331","748","133"
"332","749","287"
"333","750","195"
"334","755","182"
"335","759","155"
"336","759","149"
"337","764","284"
"338","765","142"
"339","766","62"
"340","769","314"
"341","771","299"
"342","771","315"
"343","774","82"
"344","776","307"
"345","777","218"
"346","777","218"
"347","778","295"
"348","779","137"
"349","781","293"
"350","782","210"
"351","785","316"
"354","786","275"
"355","788","69"
"356","747","82"
"358","792","257"
"359","796","230"
"360","796","64"
"361","797","284"
"362","799","273"
"363","803","314"
"364","804","284"
"365","805","145"
"366","808","79"
"367","809","293"
"368","811","314"
"369","812","278"
"370","815","83"
"371","818","62"
"372","822","148"
"373","824","312"
"374","829","280"
"375","830","295"
"376","831","280"
"377","832","258"
"378","833","121"
"379","836","313"
"380","839","280"
"381","847","219"
"382","849","122"
"383","567","59"
"384","853","193"
"385","853","199"
"386","853","221"
"387","854","119"
"388","854","119"
"389","547","285"
"390","508","312"
"391","819","314"
"392","382","31"
"393","719","299"
"394","638","314"
"395","634","156"
"396","857","284"
"397","210","249"
"398","210","43"
"399","210","43"
"400","861","250"
"401","243","5"
"402","442","190"
"403","881","305"
"404","889","122"
"405","890","243"
"406","891","280"
"407","899","273"
"408","901","145"
"409","901","170"
"410","901","145"
"411","903","218"
"412","904","70"
"413","906","55"
"414","909","228"
"415","910","268"
"416","911","314"
"417","912","290"
"418","915","108"
"419","916","271"
"420","917","105"
"421","918","133"
"422","918","105"
"423","919","265"
"424","920","280"
"425","922","319"
"426","922","271"
"427","924","105"
"428","926","310"
"429","935","228"
"430","935","228"
"431","937","175"
"432","938","38"
"433","942","135"
"434","943","287"
"435","944","82"
"436","945","239"
"437","948","149"
"438","951","122"
"439","952","117"
"440","956","265"
"441","957","284"
"442","959","318"
"443","961","220"
"444","960","246"
"445","963","137"
"446","962","18"
"447","967","17"
"448","969","191"
"449","972","127"
"450","972","314"
"451","974","250"
"452","979","300"
"453","981","190"
"454","986","239"
"455","987","279"
"456","990","184"
"457","992","305"
"458","993","159"
"459","993","114"
"460","996","291"
"461","997","258"
"462","998","298"
"463","1000","137"
"464","1001","314"
"465","994","316"
"466","851","247"
"467","1003","278"
"468","1007","209"
"469","1009","122"
"470","1012","290"
"471","1016","231"
"472","1016","231"
"473","1019","166"
"474","1020","269"
"475","1024","314"
"476","1033","163"
"477","1038","217"
"478","1038","296"
"479","1038","323"
"480","1038","323"
"481","1038","82"
"482","1038","245"
"483","1040","41"
"484","1042","272"
"485","1042","268"
"486","1042","108"
"487","1042","273"
"488","1042","222"
"489","1042","194"
"490","1042","198"
"491","1042","218"
"492","1042","250"
"493","1043","113"
"494","1044","289"
"495","1027","284"
"496","1047","133"
"497","1048","121"
"498","1049","122"
"499","1049","5"
"500","1054","80"
"501","1051","314"
"502","1055","279"
"503","1060","163"
"504","1061","139"
"505","1069","137"
"506","1070","265"
"507","1071","191"
"508","1073","222"
"509","1076","284"
"510","1078","47"
"511","1079","81"
"512","1080","312"
"513","1084","310"
"514","1087","280"
"515","1090","315"
"516","1075","81"
"517","1096","112"
"518","1097","241"
"519","1099","279"
"520","1099","237"
"521","1101","287"
"522","1104","175"
"523","1104","175"
"524","1105","185"
"525","1106","145"
"526","1107","190"
"527","1112","284"
"528","1113","278"
"529","1121","149"
"530","1126","122"
"531","1131","275"
"532","1132","273"
"533","1134","41"
"534","1137","278"
"535","1142","88"
"536","1145","250"
"537","1145","250"
"538","1146","271"
"539","1147","258"
"540","1150","50"
"541","1150","50"
"542","1151","128"
"543","1151","38"
"544","1151","38"
"545","1153","265"
"546","1155","82"
"547","1157","250"
"548","1158","184"
"549","1160","258"
"550","1163","75"
"551","1164","218"
"552","1164","194"
"553","1166","257"
"554","1167","218"
"555","1168","290"
"556","1170","47"
"557","1174","232"
"558","1181","278"
"559","1183","297"
"560","1185","273"
"561","1186","225"
"562","1189","284"
"563","1190","108"
"564","1193","280"
"565","1195","312"
"566","1196","122"
"567","1197","265"
"568","1197","209"
"569","1199","100"
"570","1201","74"
"571","1202","273"
"572","1209","122"
"573","1210","312"
"574","1211","250"
"575","1212","257"
"576","1213","325"
"577","1221","22"
"578","1225","326"
"579","1226","265"
"580","1227","314"
"581","1228","101"
"582","1231","17"
"583","1232","18"
"584","1233","284"
"585","1234","284"
"586","1236","265"
"587","1240","245"
"588","1242","325"
"589","1243","60"
"590","1246","278"
"591","1247","81"
"592","1248","280"
"593","1249","299"
"594","1250","293"
"595","1251","233"
"596","1255","174"
"597","1256","97"
"598","1257","275"
"599","1257","180"
"600","1260","280"
"601","1260","320"
"602","1260","297"
"603","1263","8"
"604","1263","248"
"605","1267","97"
"606","1270","268"
"607","1272","58"
"608","1273","250"
"609","1273","198"
"610","1273","218"
"611","1275","60"
"612","1277","300"
"613","1278","37"
"614","1278","117"
"615","1281","82"
"616","1282","218"
"617","1282","218"
"618","1283","258"
"619","1283","249"
"620","1284","268"
"621","1285","299"
"622","1292","261"
"623","1291","314"
"624","1207","218"
"625","1297","172"
"626","1299","290"
"627","1300","290"
"628","1300","290"
"629","1301","148"
"630","1305","52"
"631","1305","153"
"632","1305","200"
"633","1305","210"
"634","1305","83"
"635","1305","247"
"636","1305","66"
"637","1305","38"
"638","1305","128"
"639","1305","57"
"640","1305","282"
"641","1305","33"
"642","1305","174"
"643","1305","47"
"644","1305","310"
"645","1305","171"
"646","1305","143"
"647","1305","301"
"648","1305","49"
"649","1305","191"
"650","1305","142"
"651","1305","265"
"652","1305","324"
"653","1305","209"
"654","1305","202"
"655","1305","31"
"656","1305","96"
"657","1305","111"
"658","1305","158"
"659","1305","189"
"660","1305","237"
"661","1305","279"
"662","1305","73"
"663","1305","97"
"664","1305","69"
"665","1305","81"
"666","1305","257"
"667","1307","331"
"668","1306","211"
"669","1306","29"
"670","1306","22"
"671","1308","303"
"672","1316","228"
"673","1318","172"
"674","1319","80"
"675","1323","293"
"676","1326","38"
"677","1328","166"
"678","1329","133"
"679","1322","17"
"680","1330","149"
"681","1330","327"
"682","1330","17"
"683","1331","250"
"684","1336","278"
"685","1338","16"
"686","1339","191"
"687","1342","279"
"688","1344","156"
"689","1346","223"
"690","1347","278"
"691","1348","274"
"692","1349","284"
"693","1352","310"
"694","1350","265"
"695","1353","314"
"696","1354","284"
"697","1359","275"
"698","1361","219"
"699","1358","314"
"700","1366","171"
"701","1366","47"
"702","1367","174"
"703","1372","223"
"704","1372","223"
"705","1372","223"
"708","1373","273"
"709","1374","204"
"710","1379","307"
"711","1379","290"
"712","1380","36"
"713","1380","37"
"714","1381","199"
"715","1382","284"
"716","1383","293"
"717","1386","97"
"718","1388","121"
"719","1388","80"
"720","1388","317"
"721","1390","133"
"722","1392","148"
"723","1395","166"
"724","1397","106"
"725","1398","225"
"726","1398","228"
"727","1400","13"
"728","1394","231"
"729","1401","218"
"730","1393","218"
"731","1402","279"
"732","1402","279"
"733","1169","312"
"734","1404","286"
"735","1405","111"
"736","1407","166"
"737","1409","232"
"738","1411","254"
"739","1415","297"
"740","1420","288"
"741","1421","330"
"742","1424","148"
"743","1424","166"
"744","1417","282"
"745","1428","290"
"746","1429","321"
"747","1429","334"
"748","1432","197"
"749","1436","38"
"750","1438","300"
"751","1439","305"
"752","1440","238"
"753","1440","303"
"754","1441","100"
"755","1442","250"
"756","1445","253"
"757","1445","254"
"758","1445","168"
"759","1445","295"
"760","1447","199"
"761","1449","284"
"762","1454","169"
"763","1454","46"
"764","1456","330"
"765","1457","228"
"766","1463","190"
"767","1455","287"
"768","1464","105"
"769","1466","209"
"770","1466","265"
"771","1470","105"
"772","1485","280"
"773","1482","271"
"774","1486","175"
"775","1488","15"
"776","1488","15"
"777","1488","190"
"778","1490","66"
"779","1491","62"
"780","1494","31"
"781","1499","80"
"782","1501","280"
"783","1504","100"
"784","1507","36"
"785","1510","287"
"786","1510","123"
"787","1513","168"
"788","1516","175"
"789","1517","271"
"790","1518","209"
"791","1519","310"
"792","1519","47"
"793","1521","169"
"794","1522","122"
"795","1523","33"
"796","1524","122"
"797","1525","82"
"798","1526","191"
"799","1527","284"
"800","1533","310"
"801","1535","161"
"802","1536","88"
"803","1539","191"
"804","1541","287"
"805","1541","123"
"806","1547","285"
"807","1547","177"
"808","1554","93"
"809","1558","50"
"810","1560","210"
"811","1566","297"
"812","1566","43"
"813","1570","147"
"814","1576","287"
"815","1577","273"
"816","1580","40"
"817","1581","41"
"818","1582","172"
"819","1584","280"
"820","1586","167"
"821","1586","6"
"822","1586","162"
"823","1588","22"
"824","1594","147"
"825","1597","289"
"826","1598","81"
"827","1599","310"
"828","1601","330"
"829","1600","276"
"830","1604","279"
"831","1602","279"
"832","1609","290"
"833","1610","268"
"834","1614","38"
"835","1618","125"
"836","1619","239"
"837","1624","239"
"838","1626","223"
"839","1627","250"
"840","1628","275"
"841","1629","60"
"842","1630","314"
"843","1630","314"
"844","1631","297"
"845","1633","320"
"846","1634","57"
"847","1635","312"
"848","1636","266"
"849","1639","136"
"850","1639","341"
"851","1639","271"
"852","1639","270"
"853","1639","40"
"854","1640","339"
"855","1644","280"
"856","1645","147"
"857","1645","270"
"858","1646","293"
"859","1646","293"
"860","1650","247"
"861","1651","82"
"862","1652","33"
"863","1654","167"
"864","1655","314"
"865","1656","35"
"866","1656","34"
"867","1658","293"
"868","1659","96"
"869","1659","202"
"870","1662","331"
"871","1666","119"
"872","1670","342"
"873","1670","209"
"874","1670","209"
"875","1671","94"
"876","1672","280"
"877","1680","17"
"878","1681","280"
"879","1679","100"
"880","1683","280"
"881","1683","280"
"882","1687","97"
"883","1687","257"
"884","1687","81"
"885","1689","33"
"886","1689","33"
"887","1694","152"
"888","1696","117"
"889","1702","290"
"890","1703","232"
"891","1703","103"
"892","1705","70"
"893","1704","154"
"894","1704","313"
"895","1709","38"
"896","1713","250"
"897","1717","336"
"898","1718","284"
"899","1719","166"
"900","1722","275"
"901","1725","181"
"902","1725","16"
"903","1726","299"
"904","1727","319"
"905","1732","296"
"906","1733","175"
"907","1733","175"
"908","1734","331"
"909","1736","204"
"910","1737","94"
"911","1739","194"
"912","1736","213"
"913","1743","250"
"914","1748","324"
"915","1750","284"
"916","1750","266"
"917","1751","270"
"918","1751","227"
"919","1760","34"
"920","1762","287"
"921","1763","128"
"922","1776","284"
"923","1777","60"
"924","1781","237"
"925","1782","287"
"926","1783","348"
"927","1787","336"
"928","1790","218"
"929","1793","316"
"930","1795","319"
"931","1795","319"
"932","1797","246"
"933","1799","213"
"934","1799","21"
"935","1800","209"
"936","1805","228"
"937","1806","210"
"939","1815","273"
"940","1817","223"
"941","1820","331"
"942","1821","97"
"943","1824","331"
"944","1825","147"
"945","1828","334"
"946","1830","287"
"947","1832","17"
"948","1833","276"
"949","1833","112"
"950","1833","76"
"951","1833","289"
"952","1839","210"
"953","1839","153"
"954","1839","52"
"955","1844","327"
"956","1846","280"
"957","1847","247"
"958","1848","339"
"959","1851","12"
"960","1854","47"
"961","1855","310"
"962","1855","171"
"963","1857","295"
"964","1858","166"
"965","1839","200"
"966","1861","284"
"967","1863","65"
"968","1863","223"
"969","1865","215"
"970","1864","223"
"971","1867","221"
"972","1872","331"
"973","1873","17"
"974","1874","153"
"975","1874","52"
"976","1874","210"
"977","1874","83"
"978","1874","247"
"979","1876","345"
"980","1877","331"
"981","1881","245"
"982","1883","280"
"983","1887","280"
"984","1891","269"
"985","1891","269"
"986","1891","139"
"987","1891","289"
"988","1897","35"
"989","1898","336"
"990","1903","166"
"991","1906","326"
"992","1908","313"
"993","1909","276"
"994","1910","120"
"995","1910","98"
"996","1910","94"
"997","1918","163"
"998","1919","349"
"999","1920","250"
"1000","1922","314"
"1001","1923","94"
"1002","1925","340"
"1003","1928","339"
"1004","1928","184"
"1005","1933","137"
"1006","1934","324"
"1007","1935","305"
"1008","1938","357"
"1009","1939","310"
"1010","1944","313"
"1011","1944","233"
"1012","1945","339"
"1013","1951","280"
"1014","1953","223"
"1015","1958","329"
"1016","1960","83"
"1017","1962","117"
"1018","1964","268"
"1019","1967","60"
"1020","1968","110"
"1021","1969","223"
"1022","1969","56"
"1023","1970","275"
"1024","1971","318"
"1025","1443","49"
"1026","1976","244"
"1027","1977","223"
"1028","1978","13"
"1029","1982","13"
"1030","1983","340"
"1031","1986","166"
"1032","1987","339"
"1033","1989","33"
"1034","1990","280"
"1035","1996","184"
"1036","2000","262"
"1037","2003","271"
"1038","2005","156"
"1039","2007","244"
"1040","2011","166"
"1041","2013","81"
"1042","2014","204"
"1043","2021","166"
"1044","2023","70"
"1045","2025","278"
"1046","2036","268"
"1047","2040","6"
"1048","2040","6"
"1049","2040","239"
"1050","2046","17"
"1051","2046","327"
"1052","2047","305"
"1053","2048","191"
"1055","2049","331"
"1056","2051","284"
"1057","2053","22"
"1058","1991","228"
"1059","2057","148"
"1060","2059","307"
"1061","2061","284"
"1062","2063","336"
"1063","2064","172"
"1064","2064","184"
"1065","2073","349"
"1066","2073","280"
"1067","2076","287"
"1068","2078","271"
"1069","2079","112"
"1070","2082","261"
"1071","2086","90"
"1072","2086","79"
"1073","2086","365"
"1074","2086","151"
"1075","2085","167"
"1076","2089","94"
"1077","2092","324"
"1078","2092","353"
"1079","2102","148"
"1080","2103","161"
"1081","2103","184"
"1082","2104","287"
"1083","2105","223"
"1084","2111","30"
"1085","2113","303"
"1086","2113","115"
"1087","2115","314"
"1088","2115","169"
"1089","2115","345"
"1090","2115","156"
"1091","2116","205"
"1092","2119","268"
"1093","2120","156"
"1094","2123","276"
"1095","2126","97"
"1096","2127","21"
"1097","2129","166"
"1098","2131","280"
"1099","2132","225"
"1100","2136","50"
"1101","2139","166"
"1102","2142","290"
"1103","2146","314"
"1104","2149","113"
"1105","2149","115"
"1106","2151","31"
"1107","2156","40"
"1108","2147","342"
"1109","2147","342"
"1110","2162","76"
"1111","2164","310"
"1112","2121","232"
"1113","2121","262"
"1114","2166","22"
"1115","2034","318"
"1116","2034","330"
"1117","2168","280"
"1118","2172","324"
"1119","2180","280"
"1120","2181","33"
"1121","2183","137"
"1122","2184","240"
"1123","2191","280"
"1124","2194","156"
"1125","2197","273"
"1126","2200","293"
"1127","2201","171"
"1128","2203","293"
"1129","2176","223"
"1130","2205","258"
"1131","2210","33"
"1132","2211","284"
"1133","2215","331"
"1134","2216","33"
"1135","2217","279"
"1136","2220","358"
"1137","2228","137"
"1138","2229","36"
"1139","2230","191"
"1140","2231","156"
"1141","2235","171"
"1142","2236","350"
"1143","2237","310"
"1144","2238","361"
"1145","2243","80"
"1146","2249","336"
"1147","2251","60"
"1148","2254","290"
"1149","2259","231"
"1150","2260","156"
"1151","2261","280"
"1152","2264","268"
"1153","2269","250"
"1154","2270","365"
"1155","2273","233"
"1156","2273","119"
"1157","2273","50"
"1158","2279","66"
"1159","2280","22"
"1160","2280","366"
"1161","2280","9"
"1162","2280","184"
"1163","2281","342"
"1164","2282","64"
"1165","2283","354"
"1166","2283","273"
"1167","2283","108"
"1168","2283","194"
"1169","2283","198"
"1170","2283","218"
"1171","2286","81"
"1172","2288","156"
"1173","2289","226"
"1174","2290","349"
"1175","2291","280"
"1176","2263","163"
"1177","2294","364"
"1178","2298","33"
"1179","2299","145"
"1180","2300","342"
"1181","2301","106"
"1182","2303","114"
"1183","2306","289"
"1184","2310","19"
"1185","2313","16"
"1186","2314","40"
"1187","2314","106"
"1188","2315","125"
"1189","2316","352"
"1190","2318","355"
"1191","2323","183"
"1192","2326","271"
"1193","2328","316"
"1194","2332","188"
"1195","2333","222"
"1196","2335","336"
"1197","2338","231"
"1198","2338","370"
"1199","2337","353"
"1200","2339","269"
"1201","2340","348"
"1202","2342","330"
"1203","2348","268"
"1204","2351","280"
"1205","2352","336"
"1206","2353","195"
"1207","2353","355"
"1208","2353","61"
"1209","2356","248"
"1210","2356","248"
"1211","2356","228"
"1212","2357","273"
"1213","2358","133"
"1214","2360","280"
"1215","2361","202"
"1216","2364","33"
"1217","2365","289"
"1218","2365","76"
"1219","2369","247"
"1220","2369","52"
"1221","2370","121"
"1222","2371","194"
"1223","2373","301"
"1224","2366","310"
"1225","2376","30"
"1226","2377","33"
"1227","2378","156"
"1228","2382","166"
"1229","2383","370"
"1230","2387","348"
"1231","2389","191"
"1232","2391","287"
"1233","2392","314"
"1234","2393","293"
"1235","2394","280"
"1236","2398","301"
"1237","2402","148"
"1238","2405","265"
"1239","2408","234"
"1240","2409","56"
"1241","2415","326"
"1242","2416","169"
"1243","2417","336"
"1244","2418","139"
"1245","2419","17"
"1246","2414","279"
"1247","2420","127"
"1248","2421","342"
"1249","2422","111"
"1250","2423","171"
"1251","2426","293"
"1252","2427","222"
"1253","2429","105"
"1254","2432","156"
"1255","2433","88"
"1256","2435","269"
"1257","2438","194"
"1258","2438","108"
"1259","2439","310"
"1260","2441","97"
"1261","2449","151"
"1262","2451","357"
"1263","2452","336"
"1264","2455","139"
"1265","2456","333"
"1266","2456","276"
"1267","2459","280"
"1268","2457","280"
"1269","2461","287"
"1270","2463","209"
"1271","2464","267"
"1272","2465","315"
"1273","2465","331"
"1274","2465","286"
"1275","2465","299"
"1276","2468","8"
"1277","2469","287"
"1278","2470","171"
"1279","2471","357"
"1280","2463","209"
"1281","2473","361"
"1282","2475","323"
"1283","2475","119"
"1284","2475","266"
"1285","2475","284"
"1286","2475","245"
"1287","2476","376"
"1288","2477","223"
"1289","2480","331"
"1290","2481","375"
"1291","2483","97"
"1292","2484","353"
"1293","2486","137"
"1294","2488","21"
"1295","2489","117"
"1296","2489","37"
"1297","2492","331"
"1298","2493","293"
"1299","2494","62"
"1300","2494","130"
"1301","2494","338"
"1302","2494","52"
"1303","2494","210"
"1304","2495","156"
"1305","2498","361"
"1306","2498","219"
"1307","2498","219"
"1308","2497","355"
"1309","2503","280"
"1310","2505","296"
"1311","2506","159"
"1312","2509","94"
"1313","2510","62"
"1314","2511","280"
"1315","2511","280"
"1316","2511","280"
"1317","2513","314"
"1318","2514","314"
"1319","2516","280"
"1320","2516","280"
"1321","2517","306"
"1322","2522","119"
"1323","2522","100"
"1324","2522","233"
"1325","2523","184"
"1326","2526","48"
"1327","2528","169"
"1328","2531","336"
"1329","2532","56"
"1330","2535","314"
"1331","2537","268"
"1332","2539","268"
"1333","2539","272"
"1334","2539","218"
"1335","2539","354"
"1336","2539","108"
"1337","2539","273"
"1338","2539","222"
"1339","2539","194"
"1340","2539","198"
"1341","2539","250"
"1342","2542","312"
"1343","2543","228"
"1344","2547","326"
"1345","2548","356"
"1346","2549","145"
"1347","2550","223"
"1348","2550","320"
"1349","2551","297"
"1350","2552","373"
"1351","2557","327"
"1352","2559","325"
"1353","2556","354"
"1354","2561","373"
"1355","2566","369"
"1356","2567","340"
"1357","2570","98"
"1358","2573","289"
"1359","2574","228"
"1360","2576","226"
"1361","2577","172"
"1362","2582","240"
"1363","2583","50"
"1364","2585","60"
"1365","2586","128"
"1366","2587","36"
"1367","2588","36"
"1368","2589","318"
"1369","2590","123"
"1370","2591","136"
"1371","2595","166"
"1372","2595","351"
"1373","2595","82"
"1374","2595","91"
"1375","2596","33"
"1376","2597","361"
"1377","2598","33"
"1378","2602","280"
"1379","2603","156"
"1380","2606","94"
"1381","2607","280"
"1382","2604","266"
"1383","2608","222"
"1384","2608","250"
"1385","2599","375"
"1386","2613","327"
"1387","2614","290"
"1388","2616","305"
"1389","2617","240"
"1390","2619","156"
"1391","2620","376"
"1392","2627","258"
"1393","2629","233"
"1394","2631","171"
"1395","2633","278"
"1396","2635","70"
"1397","2637","326"
"1398","2638","289"
"1399","2639","280"
"1400","2640","97"
"1401","2641","175"
"1402","2642","204"
"1403","2643","312"
"1404","2645","50"
"1405","2649","18"
"1406","2651","284"
"1407","2653","80"
"1408","2653","221"
"1409","2654","317"
"1410","2655","33"
"1411","2656","35"
"1412","2656","74"
"1413","2657","336"
"1414","2658","133"
"1415","2659","375"
"1416","2664","223"
"1417","2666","190"
"1418","2667","222"
"1419","2668","108"
"1420","2670","357"
"1421","2672","369"
"1422","2674","18"
"1423","2676","326"
"1424","2677","133"
"1425","2665","278"
"1426","2678","97"
"1427","2678","81"
"1428","2682","266"
"1429","2682","284"
"1430","2684","122"
"1431","2687","171"
"1432","2689","336"
"1433","2691","223"
"1434","2697","348"
"1435","2699","376"
"1436","2700","323"
"1437","2711","213"
"1438","2712","137"
"1439","2714","137"
"1440","2716","373"
"1441","2325","327"
"1442","2325","327"
"1443","2718","166"
"1444","2719","240"
"1445","2720","378"
"1446","2722","315"
"1447","2725","296"
"1448","2725","82"
"1449","2732","382"
"1450","2735","62"
"1451","2740","31"
"1452","2740","31"
"1453","2741","13"
"1454","2743","293"
"1455","2745","213"
"1456","2750","375"
"1457","2752","240"
"1458","2754","280"
"1459","2756","171"
"1460","2761","137"
"1461","2764","198"
"1462","2766","158"
"1463","2767","355"
"1464","2770","171"
"1465","2775","69"
"1466","2777","171"
"1467","2778","376"
"1468","2783","275"
"1469","2784","148"
"1470","2784","166"
"1471","2785","33"
"1473","2788","97"
"1474","2789","114"
"1475","2796","171"
"1476","2797","287"
"1477","2798","72"
"1478","2801","268"
"1479","2802","375"
"1480","2802","339"
"1481","2803","331"
"1482","2804","268"
"1483","2805","17"
"1484","2806","76"
"1485","2807","233"
"1486","2811","218"
"1487","2793","127"
"1488","2793","156"
"1489","2793","370"
"1490","2813","239"
"1491","2814","333"
"1492","2815","276"
"1493","2819","276"
"1494","2821","218"
"1495","2829","204"
"1496","2831","353"
"1497","2835","184"
"1498","2838","40"
"1499","2840","326"
"1500","2846","272"
"1501","2848","74"
"1502","2853","375"
"1503","2854","370"
"1504","2855","169"
"1505","2858","5"
"1506","2858","5"
"1507","2858","280"
"1508","2871","191"
"1509","2877","75"
"1510","2880","336"
"1511","2881","293"
"1512","2885","244"
"1513","2882","336"
"1514","2884","348"
"1515","2887","33"
"1516","2890","357"
"1517","2893","119"
"1518","2898","280"
"1519","2901","275"
"1520","2895","153"
"1521","2907","357"
"1522","2894","6"
"1523","2894","21"
"1524","2905","78"
"1525","2910","357"
"1526","2912","82"
"1527","2916","357"
"1528","2913","246"
"1529","2914","142"
"1530","2911","316"
"1531","2920","98"
"1532","2915","219"
"1533","2919","357"
"1534","2922","171"
"1535","2923","93"
"1536","2923","115"
"1537","2928","110"
"1538","2929","330"
"1539","2931","357"
"1540","2936","289"
"1541","2939","368"
"1542","2939","316"
"1543","2940","297"
"1544","2941","225"
"1545","2941","346"
"1546","2942","33"
"1547","2943","361"
"1548","2944","10"
"1549","2945","163"
"1550","2948","237"
"1551","2950","330"
"1552","2950","357"
"1553","2951","324"
"1554","2951","353"
"1555","2951","320"
"1556","2953","317"
"1557","2956","5"
"1558","2956","5"
"1559","2956","122"
"1560","2960","374"
"1561","2961","175"
"1562","2961","216"
"1563","2962","7"
"1564","2964","272"
"1565","2964","268"
"1566","2967","82"
"1567","2971","19"
"1568","2975","6"
"1570","2979","336"
"1571","2889","43"
"1572","2980","100"
"1573","2981","342"
"1574","2982","97"
"1575","2983","381"
"1576","2986","94"
"1577","2987","133"
"1578","2988","36"
"1579","2926","375"
"1580","2991","250"
"1581","2994","106"
"1582","2996","370"
"1583","2997","66"
"1584","2999","282"
"1585","2999","282"
"1586","3000","33"
"1587","3001","226"
"1588","3002","348"
"1589","3006","327"
"1590","3007","31"
"1591","3008","355"
"1592","3010","250"
"1593","3005","17"
"1594","3005","17"
"1595","3012","376"
"1596","3015","382"
"1597","2937","217"
"1598","3018","106"
"1599","3019","330"
"1600","3020","340"
"1601","3023","33"
"1602","3025","77"
"1603","3029","375"
"1604","3027","368"
"1605","3032","374"
"1606","3038","223"
"1607","3036","300"
"1608","3039","33"
"1609","3042","33"
"1610","3043","156"
"1611","3044","240"
"1612","3045","198"
"1613","3045","354"
"1614","3046","156"
"1615","3047","223"
"1616","3049","265"
"1617","3051","280"
"1618","3053","342"
"1619","3054","62"
"1620","3055","375"
"1621","3057","20"
"1622","3057","271"
"1623","3057","106"
"1624","3059","352"
"1625","3061","310"
"1626","3064","184"
"1627","3063","378"
"1628","3066","84"
"1629","3067","217"
"1630","3067","323"
"1631","3070","81"
"1632","3071","40"
"1633","3072","331"
"1634","3073","370"
"1635","3074","222"
"1636","3074","250"
"1637","3076","314"
"1638","3078","279"
"1639","3078","237"
"1640","3080","336"
"1641","3081","139"
"1642","3088","223"
"1643","3089","280"
"1644","3090","124"
"1645","3091","213"
"1646","3092","257"
"1647","3094","326"
"1648","3096","342"
"1649","3099","37"
"1650","3098","306"
"1651","3101","336"
"1652","3105","156"
"1653","3060","85"
"1654","3109","41"
"1655","3110","187"
"1656","3112","355"
"1657","3113","343"
"1658","1893","106"
"1659","3119","300"
"1660","3120","361"
"1661","3125","97"
"1662","3127","45"
"1663","3127","320"
"1664","3128","166"
"1665","3129","33"
"1668","3130","97"
"1670","3133","228"
"1671","3134","40"
"1672","3141","290"
"1673","3144","373"
"1674","3149","33"
"1675","3147","367"
"1676","3152","133"
"1677","5","195"
"1678","3154","290"
"1679","3155","47"
"1680","3158","8"
"1681","3159","339"
"1682","3161","171"
"1683","3162","97"
"1684","3166","156"
"1685","3169","300"
"1686","3171","222"
"1687","3172","330"
"1688","3173","291"
"1689","3175","171"
"1690","3107","191"
"1691","3178","8"
"1692","3182","278"
"1693","3184","290"
"1694","3186","278"
"1695","3187","370"
"1696","3187","127"
"1697","3193","171"
"1698","3195","370"
"1699","3196","376"
"1700","3199","82"
"1701","3201","378"
"1702","3202","21"
"1703","3203","33"
"1704","3206","17"
"1705","3211","355"
"1706","2332","18"
"1707","3216","117"
"1708","3217","105"
"1709","3218","127"
"1710","3220","375"
"1711","3221","98"
"1712","3222","317"
"1713","3222","48"
"1714","3224","312"
"1715","3227","276"
"1716","3230","353"
"1717","3231","280"
"1718","3231","348"
"1719","3234","19"
"1720","3239","137"
"1721","3240","290"
"1722","3212","314"
"1723","3243","30"
"1724","3244","275"
"1725","3245","287"
"1726","3248","280"
"1727","3251","373"
"1728","3253","21"
"1729","3256","127"
"1730","3257","33"
"1731","3258","74"
"1732","3261","33"
"1733","3263","293"
"1734","3259","229"
"1735","3264","33"
"1736","3265","376"
"1737","3266","375"
"1738","3255","33"
"1739","3269","108"
"1740","3272","119"
"1741","3273","209"
"1742","3275","310"
"1743","3279","366"
"1744","3282","355"
"1745","3285","276"
"1746","3287","369"
"1747","3287","136"
"1748","3287","271"
"1749","3287","270"
"1750","3289","370"
"1751","3283","276"
"1752","3290","310"
"1753","3197","33"
"1754","3288","33"
"1755","3292","98"
"1756","3292","351"
"1757","3292","94"
"1758","3292","120"
"1759","3293","365"
"1760","3295","373"
"1761","3297","272"
"1762","3298","268"
"1763","3300","313"
"1764","3299","83"
"1765","3301","156"
"1766","3303","122"
"1767","3311","300"
"1768","3313","365"
"1769","3315","316"
"1770","3316","331"
"1771","3317","357"
"1772","3318","324"
"1773","3319","342"
"1774","3321","365"
"1775","3322","331"
"1776","3329","361"
"1777","3327","97"
